gene_id	mean_expr	sd_expr	cv
YDR006C	0	0.5201	22102.2463
YGL261C	1e-04	0.5444	10463.7166
YOR353C	0	0.4206	9194.0452
YOL104C	1e-04	0.6915	5808.4863
YBR102C	1e-04	0.3967	3372.0335
YBR136W	-2e-04	0.4687	2702.8935
YJR046W	-3e-04	0.6747	2637.4093
YKL175W	2e-04	0.4614	2599.1769
YDR089W	4e-04	0.5776	1309.1343
YKL114C	-3e-04	0.3757	1076.8693
YOR363C	-6e-04	0.544	913.9406
YNL158W	5e-04	0.3534	734.6884
YHR083W	5e-04	0.3782	714.8464
YDR308C	5e-04	0.3661	666.6056
YDR510W	8e-04	0.4411	580.2077
YDR323C	-9e-04	0.5312	578.9183
YDR174W	-0.001	0.5851	578.4092
YAL018C	-0.0013	0.7341	547.205
YJR108W	-0.0012	0.5375	444.745
YLR094C	-0.0012	0.52	424.5317
YER017C	0.001	0.4424	422.7054
YMR303C	-0.0016	0.6539	418.8206
YNR023W	9e-04	0.3652	417.0653
YNL289W	-0.001	0.4061	406.1431
YOL038W	0.0018	0.6716	375.8255
YJR120W	0.0017	0.5689	337.4389
YBL065W	0.0022	0.7363	335.4168
YPL174C	-0.0021	0.676	329.5969
YJR055W	-0.0016	0.5186	321.7586
YNR035C	-0.0019	0.5946	305.597
YBL051C	-0.0016	0.4697	299.2273
YHR033W	0.0035	0.9666	280.1474
YKL108W	0.0018	0.4712	265.0618
YNL070W	-0.0021	0.5214	249.5681
YNL171C	-0.0013	0.3132	239.1186
YFR020W	-0.0019	0.4401	236.1395
YBR148W	0.0029	0.6504	226.9616
YMR112C	-0.0019	0.4147	222.8995
YGR270W	0.0016	0.3568	221.0775
YBR262C	-0.0022	0.4736	217.5773
YLL043W	0.0015	0.3174	217.0076
YOR357C	-0.0026	0.5624	216.8993
YGL127C	0.0021	0.4566	213.5915
YDR281C	-0.0049	1.0352	210.3932
YER185W	-0.0032	0.6766	210.0234
YPR195C	0.0026	0.5406	209.963
YDL080C	0.0021	0.428	206.1594
YGR180C	0.0038	0.7634	200.1082
YGL210W	0.0023	0.4539	198.5103
YMR031W-A	-0.0036	0.6845	192.626
YHR034C	-0.0033	0.6082	186.8094
YIL161W	-0.0028	0.518	183.4434
YKR007W	0.0023	0.4107	176.9024
YMR289W	-0.0023	0.4039	173.0888
YJR020W	0.0045	0.7599	168.4206
YOL086C	0.0042	0.7049	167.8407
YDL159W	0.0019	0.3094	166.4757
YMR151W	0.0028	0.4473	162.4934
YJL160C	-0.0048	0.7635	159.1056
YDR151C	0.0028	0.4482	157.4395
YMR237W	0.0039	0.6082	155.1871
YNL165W	0.0035	0.5321	153.6965
YPR197C	0.0031	0.4747	151.684
YBR196C	-0.0046	0.6952	151.2727
YDL052C	-0.0038	0.5762	151.2042
YNR050C	0.0075	1.1205	148.9279
YBL098W	0.0036	0.5302	147.567
YDR352W	0.0027	0.4029	146.8932
YPR037C	0.0031	0.4492	146.8611
YMR066W	0.0025	0.3545	144.1172
YPR071W	0.0031	0.4463	143.9933
YPR046W	-0.0032	0.4649	143.2402
YIL138C	0.0047	0.6682	143.0582
YLL059C	-0.0035	0.5019	141.4728
YGR226C	0.0061	0.8641	141.4207
YLR253W	0.0027	0.3844	140.6027
YPL208W	0.0048	0.6545	137.4267
YOR372C	0.0027	0.3724	136.4745
YJR151C	0.0023	0.3065	135.1832
YPL139C	0.0037	0.4865	130.5565
YDR163W	-0.0034	0.435	129.151
YGL215W	-0.0038	0.4804	125.9135
YHR060W	-0.0041	0.5004	123.4748
YNL245C	-0.003	0.3747	123.4589
YLR421C	0.004	0.4828	120.1763
YOR076C	-0.0046	0.556	120.0379
YLR122C	0.0064	0.7671	119.6513
YDR419W	0.004	0.4719	118.8288
YDR051C	-0.0035	0.41	118.5119
YKL203C	-0.004	0.4705	117.9713
YPL218W	0.0041	0.4848	117.592
YGR087C	-0.0076	0.8902	116.8986
YGL086W	0.0043	0.4976	114.986
YOR331C	-0.005	0.5759	114.4978
YFL006W	-0.0042	0.4677	112.6644
YMR154C	-0.0039	0.4323	111.7199
YMR165C	0.005	0.555	111.6459
YHR166C	0.0036	0.3972	111.2102
YIL154C	-0.0049	0.537	110.5865
YDL172C	-0.0037	0.3901	106.3877
YPR111W	-0.004	0.4243	105.7645
YBR110W	-0.0045	0.473	104.3273
YPR161C	-0.0032	0.3308	102.4274
YFR019W	0.0054	0.5533	101.7418
YHL038C	-0.0034	0.3435	100.5999
YOR393W	0.0089	0.8956	100.4317
YNL190W	-0.0053	0.5273	100.1606
YEL063C	0.0074	0.7354	99.0137
YJL216C	-0.0056	0.5506	98.2769
YNL167C	-0.0045	0.4362	97.6972
YGL040C	0.0045	0.4404	97.4271
YDL192W	-0.0067	0.6498	96.4582
YOR157C	-0.0064	0.6152	95.5088
YGR047C	-0.0042	0.3912	92.0518
YBR099C	0.0077	0.6984	90.8448
YLL063C	-0.0058	0.5177	89.4276
YBR229C	0.0053	0.4764	89.0991
YML020W	0.0049	0.4204	85.6095
YPR054W	-0.006	0.5009	83.5655
YPL205C	0.005	0.4175	83.1992
YBR103W	0.0049	0.3979	81.9711
YBR274W	-0.0039	0.3185	81.7156
YGL100W	-0.0048	0.384	79.4765
YBR033W	0.0062	0.4948	79.2668
YER190W	-0.0065	0.5109	79.2087
YOR358W	0.0058	0.4601	78.9468
YLL006W	-0.0068	0.5368	78.3697
YOL075C	-0.0052	0.4039	78.2138
YJL083W	0.0072	0.5633	77.8575
YPL215W	-0.0061	0.4707	77.239
YHR043C	0.0104	0.7964	76.8104
YGR006W	-0.0064	0.494	76.6192
YBR236C	-0.005	0.3796	76.3668
YBR208C	-0.0083	0.6347	76.1638
YAR060C	-0.0065	0.4964	76.0313
YOL114C	-0.0064	0.482	75.2778
YGL200C	-0.0079	0.5852	74.4901
YGL074C	0.0065	0.4773	73.6639
YDL193W	-0.0082	0.594	72.1126
YDR283C	-0.006	0.4263	71.5008
YGR040W	0.0066	0.4678	70.5798
YLR396C	0.0047	0.3299	70.3741
YOL011W	0.0097	0.6717	69.0757
YPR040W	0.0079	0.5417	68.9114
YKR002W	-0.0054	0.3724	68.5083
YBR094W	-0.0056	0.3787	67.5374
YMR219W	0.0099	0.671	67.4942
YER111C	0.007	0.4681	66.9278
YGR021W	0.0083	0.5552	66.8142
YJR113C	0.0077	0.5155	66.6915
YAR066W	-0.0167	1.115	66.6619
YOR336W	0.0075	0.4951	65.626
YER005W	0.0057	0.3705	65.1944
YJR089W	-0.0057	0.364	64.3971
YGR275W	-0.0075	0.4856	64.3963
YLR309C	0.009	0.5769	64.2893
YHR092C	-0.0115	0.7312	63.6509
YLR024C	-0.0074	0.4703	63.5633
YBR013C	-0.007	0.4405	63.1991
YJL108C	-0.0125	0.7848	62.7089
YMR068W	0.011	0.6907	62.6861
YCL069W	-0.0103	0.6386	62.1454
YNL138W	0.0105	0.6514	61.9714
YMR204C	0.0073	0.4449	61.1348
YLR358C	-0.008	0.4836	60.7554
YBR045C	0.0135	0.8151	60.5365
YPR133C	-0.0072	0.4217	58.9071
YPR084W	0.0073	0.4297	58.8021
YDR237W	-0.0095	0.5539	58.2136
YPR188C	0.0082	0.4764	57.8433
YLR364W	0.0094	0.54	57.3735
YMR290W-A	0.0144	0.8262	57.3564
YOL073C	-0.0117	0.6711	57.2731
YGR031W	-0.0077	0.437	57.0763
YFL031W	0.0117	0.6619	56.4605
YLR027C	0.009	0.506	56.4434
YIL118W	-0.0114	0.6415	56.4243
YML086C	-0.0095	0.5226	55.2784
YMR019W	0.0108	0.5943	55.2531
YNL047C	-0.0068	0.3762	55.2128
YBR163W	0.0091	0.5041	55.195
YLR116W	0.0074	0.4038	54.2928
YKL075C	-0.0062	0.3346	53.9383
YAR009C	0.0102	0.5512	53.8736
YHL030W	0.0136	0.7327	53.7083
YMR279C	0.0136	0.7317	53.6532
YKL220C	0.0095	0.5071	53.5951
YLR464W	-0.0101	0.5378	53.4705
YMR203W	-0.0117	0.6032	51.7325
YPL136W	-0.0164	0.8444	51.6409
YJR021C	-0.0101	0.5181	51.5013
YKL186C	-0.008	0.4068	51.1139
YOR107W	0.0204	1.0401	50.8749
YGL251C	-0.0098	0.4951	50.7588
YMR086C-A	-0.0096	0.4883	50.7395
YIL066C	-0.0311	1.5754	50.6848
YIL084C	0.0062	0.3117	50.3376
YDL206W	0.0268	1.3441	50.1917
YDL246C	0.0115	0.5758	50.0696
YBL025W	-0.0087	0.432	49.4985
